{
  "$type": "Models.Core.Simulations, Models",
  "ExplorerWidth": 0,
  "Version": 186,
  "ApsimVersion": "0.0.0.0",
  "Name": "Simulations",
  "Children": [
    {
      "$type": "Models.GrazPlan.Genotype, Models",
      "Puberty": [
        183,
        365
      ],
      "AshAlkC": [
        0.0,
        0.34,
        0.28,
        1.1
      ],
      "MethC": [
        0.0,
        18.4,
        0.013,
        0.00752,
        0.0237,
        0.00336,
        18.1,
        25.29
      ],
      "SulfC": [
        0.0,
        0.07,
        0.07,
        0.0,
        0.00114
      ],
      "PhosC": [
        0.0,
        0.7,
        0.95,
        2E-05,
        0.003,
        4.4E-05,
        0.0041,
        0.001,
        0.0,
        0.00051,
        3.7E-06,
        0.00051,
        3.7E-06,
        0.0012,
        0.004635,
        0.22
      ],
      "GainC": [
        0.0,
        0.6,
        0.7,
        0.8,
        -6.0,
        0.4,
        0.9,
        0.97,
        27.0,
        20.3,
        2.0,
        13.8,
        0.072,
        0.14,
        0.008,
        0.115,
        1.0,
        0.5,
        1.09
      ],
      "ChillC": [
        0.0,
        0.09,
        4.1,
        1.6,
        0.5,
        0.7,
        0.15,
        0.481,
        0.619,
        1.1,
        0.322,
        39.0,
        1.5,
        5.0,
        0.15,
        10.0,
        0.38
      ],
      "LactC": [
        0.0,
        4.0,
        30.0,
        0.6,
        0.35,
        0.94,
        3.1,
        1.17,
        0.0,
        0.0,
        0.04,
        90.0,
        0.42,
        0.58,
        0.0357,
        0.032,
        0.7,
        0.01,
        0.1,
        1.6,
        4.0,
        0.004,
        0.006,
        3.0,
        0.6,
        1.03
      ],
      "ProtC": [
        0.0,
        0.05,
        0.85,
        5.5,
        0.178,
        0.92,
        1.0,
        0.6,
        0.25,
        0.9
      ],
      "DgProtC": [
        0.0,
        0.3,
        0.25,
        0.1,
        0.007,
        0.005,
        0.35,
        0.1,
        0.1
      ],
      "MaintC": [
        0.0,
        0.09,
        0.36,
        8E-05,
        0.84,
        0.23,
        0.0025,
        0.9,
        5.2E-05,
        0.16,
        0.0152,
        0.000526,
        0.0161,
        0.0422,
        0.00011,
        0.15,
        0.0026,
        5.0
      ],
      "EfficC": [
        0.0,
        0.5,
        0.02,
        0.85,
        0.7,
        0.4,
        0.02,
        0.6,
        0.133,
        0.95,
        0.84,
        0.8,
        0.7,
        0.035,
        0.33,
        0.12,
        0.043
      ],
      "GrazeC": [
        0.0,
        0.8,
        0.17,
        1.7,
        0.00078,
        0.6,
        0.00074,
        0.5,
        107.0,
        0.14,
        0.28,
        10.5,
        0.8,
        0.35,
        1.0,
        0.0,
        0.0,
        0.012,
        1.0,
        1.0,
        11.5
      ],
      "IntakeC": [
        0.0,
        0.025,
        1.7,
        0.22,
        60.0,
        0.02,
        25.0,
        22.0,
        62.0,
        1.7,
        0.6,
        0.05,
        0.15,
        0.005,
        0.002,
        0.5,
        1.0,
        0.01,
        20.0,
        3.0,
        1.5,
        1.7
      ],
      "SelfWeanPropn": 0.05,
      "SRWScalars": [
        1.2,
        1.4
      ],
      "bDairyBreed": false,
      "sEditDate": "30 Jan 2013",
      "sEditor": "Andrew Moore",
      "OvulationPeriod": 21,
      "MortAge": [
        0.0,
        300.0,
        365.0
      ],
      "MortRate": [
        0.0,
        5.53E-05,
        5.53E-05
      ],
      "MortWtDiff": 0.1,
      "DystokiaSigs": [
        0.0,
        0.0
      ],
      "ToxaemiaSigs": [
        0.0,
        0.0
      ],
      "MortCondConst": 0.6,
      "MortIntensity": 0.3,
      "WoolC": [
        0.0,
        0.0,
        0.0,
        0.0,
        0.0,
        0.0,
        0.0,
        0.0,
        0.0,
        0.0,
        0.0,
        0.0,
        0.0,
        0.0,
        0.0
      ],
      "BirthWtScale": [
        0.0,
        0.07,
        0.055,
        0.0
      ],
      "PregScale": [
        0.0,
        1.0,
        1.15,
        0.0
      ],
      "PregC": [
        0.0,
        285.0,
        2.2,
        1.77,
        0.33,
        1.8,
        2.42,
        1.16,
        4.11,
        343.5,
        0.0164,
        0.134,
        6.22,
        0.747
      ],
      "GrowthC": [
        0.0,
        0.0115,
        0.27,
        0.4,
        1.1
      ],
      "ExposureConsts": [
        0.0,
        0.0,
        0.0,
        0.0
      ],
      "F3": [
        0.0,
        5.89,
        5.89,
        0.0
      ],
      "F2": [
        0.0,
        0.7,
        5.0,
        0.0
      ],
      "DayLengthConst": [
        0.0,
        0.0,
        0.0,
        0.0
      ],
      "PeakLactC": [
        0.0,
        0.44,
        0.55,
        0.0
      ],
      "IntakeLactC": [
        0.0,
        0.5,
        0.9,
        0.0
      ],
      "FleeceRatio": 0.0,
      "MaxFleeceDiam": 0.0,
      "BreedSRW": 550.0,
      "Animal": 1,
      "FDairyIntakePeak": 0.416,
      "MaxYoung": 2,
      "PotFleeceWt": 0.0,
      "PeakMilk": 27.5,
      "ConceiveSigs": [
        [
          0.0,
          0.0
        ],
        [
          0.7,
          5.89
        ],
        [
          5.0,
          5.89
        ],
        [
          0.0,
          0.0
        ]
      ],
      "FertWtDiff": 0.0,
      "Name": "British x Holstein",
      "Children": [],
      "IncludeInDocumentation": true,
      "Enabled": true,
      "ReadOnly": false
    }
  ],
  "IncludeInDocumentation": true,
  "Enabled": true,
  "ReadOnly": false
}