{
  "$type": "Models.Core.Simulations, Models",
  "ExplorerWidth": 0,
  "Version": 180,
  "ApsimVersion": "0.0.0.0",
  "Name": "Simulations",
  "Children": [
    {
      "$type": "Models.GrazPlan.Genotype, Models",
      "Puberty": [
        183,
        365
      ],
      "AshAlkC": [
        0.0,
        0.34,
        0.28,
        1.1
      ],
      "MethC": [
        0.0,
        18.4,
        0.013,
        0.00752,
        0.0237,
        0.00336,
        18.1,
        25.29
      ],
      "SulfC": [
        0.0,
        0.08,
        0.07,
        0.2,
        0.00114
      ],
      "PhosC": [
        0.0,
        0.7,
        0.95,
        2E-05,
        0.005,
        0.0,
        0.005,
        0.0015,
        0.00024,
        0.00031,
        8E-06,
        0.00061,
        1.1E-05,
        0.0012,
        0.003188,
        0.28
      ],
      "GainC": [
        0.0,
        0.6,
        0.7,
        0.8,
        -6.0,
        0.4,
        0.9,
        0.97,
        27.0,
        20.3,
        2.0,
        13.8,
        0.072,
        0.14,
        0.008,
        0.115,
        1.0,
        0.5,
        1.09
      ],
      "ChillC": [
        0.0,
        0.09,
        4.1,
        1.3,
        0.5,
        0.7,
        0.15,
        0.481,
        0.619,
        1.41,
        0.322,
        39.0,
        1.3,
        5.0,
        0.15,
        10.0,
        0.38
      ],
      "LactC": [
        0.0,
        2.0,
        22.0,
        1.0,
        0.0,
        0.94,
        4.7,
        1.17,
        0.0,
        0.0,
        0.4,
        30.0,
        0.3,
        0.41,
        0.0714,
        0.045,
        0.7,
        0.01,
        0.1,
        1.6,
        4.0,
        0.008,
        0.012,
        3.0,
        0.6,
        1.03
      ],
      "ProtC": [
        0.0,
        0.05,
        0.85,
        5.5,
        0.178,
        0.92,
        1.0,
        0.6,
        0.25,
        0.9
      ],
      "DgProtC": [
        0.0,
        0.3,
        0.25,
        0.1,
        0.007,
        0.005,
        0.35,
        0.1,
        0.1
      ],
      "MaintC": [
        0.0,
        0.09,
        0.26,
        8E-05,
        0.84,
        0.23,
        0.02,
        0.9,
        5.2E-05,
        0.16,
        0.0152,
        0.00046,
        0.000147,
        0.003375,
        0.0,
        0.15,
        0.0026,
        40.0
      ],
      "EfficC": [
        0.0,
        0.5,
        0.02,
        0.85,
        0.7,
        0.4,
        0.02,
        0.6,
        0.133,
        0.95,
        0.84,
        0.8,
        0.7,
        0.035,
        0.33,
        0.12,
        0.043
      ],
      "GrazeC": [
        0.0,
        0.8,
        0.17,
        1.7,
        0.00112,
        0.6,
        0.00112,
        0.0,
        21.0,
        0.14,
        0.28,
        10.5,
        0.8,
        0.35,
        1.0,
        0.0,
        0.0,
        0.012,
        1.0,
        1.0,
        11.5
      ],
      "IntakeC": [
        0.0,
        0.04,
        1.7,
        0.5,
        25.0,
        0.01,
        25.0,
        22.0,
        28.0,
        1.4,
        0.0,
        0.0,
        0.15,
        0.02,
        0.002,
        0.5,
        1.0,
        0.01,
        20.0,
        3.0,
        1.5,
        1.4
      ],
      "SelfWeanPropn": 0.05,
      "SRWScalars": [
        1.2,
        1.4
      ],
      "bDairyBreed": false,
      "sEditDate": "30 Jan 2013",
      "sEditor": "Andrew Moore",
      "OvulationPeriod": 17,
      "MortAge": [
        0.0,
        300.0,
        365.0
      ],
      "MortRate": [
        0.0,
        5.53E-05,
        5.53E-05
      ],
      "MortWtDiff": 0.1,
      "DystokiaSigs": [
        1.4,
        9.815
      ],
      "ToxaemiaSigs": [
        0.2,
        29.44
      ],
      "MortCondConst": 0.6,
      "MortIntensity": 0.3,
      "WoolC": [
        0.0,
        24.0,
        0.004,
        0.7,
        0.04,
        0.25,
        0.032,
        1.34,
        0.016,
        1.0,
        1350.0,
        60000000.0,
        0.025,
        0.18,
        0.18
      ],
      "BirthWtScale": [
        0.0,
        0.1,
        0.085,
        0.07
      ],
      "PregScale": [
        0.0,
        1.5,
        1.75,
        2.0
      ],
      "PregC": [
        0.0,
        150.0,
        1.304,
        2.625,
        0.33,
        1.43,
        3.38,
        0.91,
        4.33,
        4.37,
        0.965,
        0.145,
        4.56,
        0.9
      ],
      "GrowthC": [
        0.0,
        0.0157,
        0.27,
        0.4,
        1.2
      ],
      "ExposureConsts": [
        -9.95,
        1.71,
        0.0098,
        1.1
      ],
      "F3": [
        0.0,
        2.34,
        2.69,
        2.69
      ],
      "F2": [
        0.0,
        0.64,
        1.315,
        5.0
      ],
      "DayLengthConst": [
        0.0,
        0.23,
        0.39,
        0.39
      ],
      "PeakLactC": [
        0.0,
        0.389,
        0.622,
        0.746
      ],
      "IntakeLactC": [
        0.524,
        0.524,
        0.707,
        0.891
      ],
      "FleeceRatio": 0.09,
      "MaxFleeceDiam": 23.0,
      "BreedSRW": 60.0,
      "Animal": 0,
      "FDairyIntakePeak": 0.0,
      "MaxYoung": 3,
      "PotFleeceWt": 5.3999999999999995,
      "PeakMilk": 0.0,
      "ConceiveSigs": [
        [
          0.0,
          0.0
        ],
        [
          0.64,
          2.34
        ],
        [
          1.315,
          2.69
        ],
        [
          5.0,
          2.69
        ]
      ],
      "FertWtDiff": 0.0,
      "Name": "Large Merino",
      "Children": [],
      "IncludeInDocumentation": true,
      "Enabled": true,
      "ReadOnly": false
    }
  ],
  "IncludeInDocumentation": true,
  "Enabled": true,
  "ReadOnly": false
}